-- Adminer 4.1.0 MySQL dump

SET NAMES utf8;
SET time_zone = '+00:00';
SET foreign_key_checks = 0;
SET sql_mode = 'NO_AUTO_VALUE_ON_ZERO';

DROP TABLE IF EXISTS `admin`;
CREATE TABLE `admin` (
  `id` int(11) NOT NULL AUTO_INCREMENT,
  `nama_lengkap` varchar(45) NOT NULL,
  `gelar` varchar(12) DEFAULT NULL,
  `nama_akun` varchar(12) NOT NULL,
  `katasandi` varchar(32) NOT NULL,
  `status` tinyint(1) NOT NULL DEFAULT '1',
  `role` smallint(2) NOT NULL DEFAULT '3',
  `prodi` int(11) DEFAULT NULL,
  `created` datetime NOT NULL,
  `modified` datetime NOT NULL,
  PRIMARY KEY (`id`),
  KEY `fk_admin_prodi1_idx` (`prodi`),
  CONSTRAINT `fk_admin_prodi1` FOREIGN KEY (`prodi`) REFERENCES `prodi` (`id`) ON DELETE CASCADE ON UPDATE CASCADE
) ENGINE=InnoDB DEFAULT CHARSET=utf8;

INSERT INTO `admin` (`id`, `nama_lengkap`, `gelar`, `nama_akun`, `katasandi`, `status`, `role`, `prodi`, `created`, `modified`) VALUES
(1,	'Dian Prawira',	'M.Eng',	'wira',	'202cb962ac59075b964b07152d234b70',	1,	1,	NULL,	'2014-08-28 10:29:21',	'2014-08-30 03:00:06'),
(8,	'asas',	'asas',	'asas',	'202cb962ac59075b964b07152d234b70',	1,	3,	NULL,	'2014-09-28 09:05:45',	'2014-09-28 09:05:45'),
(10,	'Admin',	'admin',	'admin',	'202cb962ac59075b964b07152d234b70',	1,	2,	NULL,	'2014-09-29 06:38:38',	'2014-09-29 06:38:38'),
(12,	'Ishak Jumarang',	'',	'ishak',	'202cb962ac59075b964b07152d234b70',	1,	2,	NULL,	'2014-09-30 11:00:48',	'2014-09-30 11:00:48'),
(13,	'Felix.A',	'M.Kom',	'FelixA1996',	'710964bdacb390d23ba90ca3ddf02a02',	1,	1,	NULL,	'2014-10-01 19:29:44',	'2014-10-01 19:29:44'),
(15,	'Dahlan',	'DEA',	'Dekan-1',	'202cb962ac59075b964b07152d234b70',	1,	2,	NULL,	'2014-10-02 10:07:37',	'2014-10-02 10:07:37');

DROP TABLE IF EXISTS `fakultas`;
CREATE TABLE `fakultas` (
  `id` int(5) NOT NULL AUTO_INCREMENT,
  `nama` varchar(100) NOT NULL,
  `created` datetime NOT NULL,
  `modified` datetime NOT NULL,
  PRIMARY KEY (`id`),
  UNIQUE KEY `nama_UNIQUE` (`nama`)
) ENGINE=InnoDB DEFAULT CHARSET=utf8;

INSERT INTO `fakultas` (`id`, `nama`, `created`, `modified`) VALUES
(2,	'Hukum',	'2014-09-30 15:13:43',	'2014-09-30 15:13:43'),
(3,	'Ekonomi',	'2014-09-30 15:13:43',	'2014-09-30 15:13:43'),
(4,	'Pertanian',	'2014-09-30 15:13:43',	'2014-09-30 15:13:43'),
(5,	'Teknik',	'2014-09-30 15:13:43',	'2014-09-30 15:13:43'),
(6,	'Ilmu Sosial dan Ilmu Politik',	'2014-09-30 15:13:43',	'2014-09-30 15:13:43'),
(7,	'Keguruan dan Ilmu Pendidikan',	'2014-09-30 15:13:43',	'2014-09-30 15:13:43'),
(8,	'Kehutanan',	'2014-09-30 15:13:43',	'2014-09-30 15:13:43'),
(9,	'Matematika dan IPA',	'2014-09-30 15:13:43',	'2014-09-30 15:13:43'),
(10,	'Kedokteran',	'2014-09-30 15:13:43',	'2014-09-30 15:13:43'),
(360,	'Pasca Sarjana',	'2014-09-30 15:13:43',	'2014-09-30 15:13:43');

DROP TABLE IF EXISTS `jawaban`;
CREATE TABLE `jawaban` (
  `id` int(11) NOT NULL AUTO_INCREMENT,
  `mahasiswa` int(11) NOT NULL,
  `pilihan` int(11) NOT NULL,
  `keterangan` varchar(200) DEFAULT NULL,
  `created` datetime NOT NULL,
  PRIMARY KEY (`id`),
  KEY `fk_jawaban_mahasiswa1_idx` (`mahasiswa`),
  KEY `fk_jawaban_pilihan1_idx` (`pilihan`),
  CONSTRAINT `fk_jawaban_mahasiswa1` FOREIGN KEY (`mahasiswa`) REFERENCES `mahasiswa` (`id`) ON DELETE CASCADE ON UPDATE CASCADE,
  CONSTRAINT `fk_jawaban_pilihan1` FOREIGN KEY (`pilihan`) REFERENCES `pilihan` (`id`) ON DELETE CASCADE ON UPDATE CASCADE
) ENGINE=InnoDB DEFAULT CHARSET=utf8;

INSERT INTO `jawaban` (`id`, `mahasiswa`, `pilihan`, `keterangan`, `created`) VALUES
(18,	2,	43,	'8',	'2014-10-04 07:12:30'),
(19,	2,	17,	NULL,	'2014-10-04 07:12:30'),
(20,	2,	22,	'8',	'2014-10-04 07:12:30'),
(21,	2,	25,	NULL,	'2014-10-04 07:12:30'),
(22,	2,	26,	NULL,	'2014-10-04 07:12:30'),
(23,	2,	45,	NULL,	'2014-10-04 07:12:30'),
(24,	2,	49,	NULL,	'2014-10-04 07:12:30'),
(25,	2,	53,	NULL,	'2014-10-04 07:12:30'),
(26,	2,	56,	NULL,	'2014-10-04 07:12:54'),
(27,	2,	59,	NULL,	'2014-10-04 07:12:54'),
(28,	2,	72,	NULL,	'2014-10-04 07:12:54'),
(29,	2,	79,	NULL,	'2014-10-04 07:12:54'),
(30,	2,	33,	NULL,	'2014-10-04 07:15:32'),
(31,	2,	36,	NULL,	'2014-10-04 07:15:32'),
(32,	2,	37,	NULL,	'2014-10-04 07:15:32'),
(33,	2,	81,	NULL,	'2014-10-04 07:15:32'),
(34,	2,	85,	NULL,	'2014-10-04 07:15:32'),
(35,	2,	87,	NULL,	'2014-10-04 07:15:32'),
(36,	2,	91,	NULL,	'2014-10-04 07:15:32'),
(37,	2,	94,	NULL,	'2014-10-04 07:15:32'),
(38,	2,	99,	NULL,	'2014-10-04 07:15:32'),
(39,	2,	103,	NULL,	'2014-10-04 07:15:32'),
(40,	2,	107,	NULL,	'2014-10-04 07:15:32'),
(41,	2,	112,	NULL,	'2014-10-04 07:15:32'),
(42,	2,	115,	NULL,	'2014-10-04 07:15:32'),
(43,	2,	119,	NULL,	'2014-10-04 07:15:32'),
(44,	2,	124,	NULL,	'2014-10-04 07:15:32'),
(45,	2,	127,	NULL,	'2014-10-04 07:15:32'),
(46,	2,	132,	NULL,	'2014-10-04 07:15:32'),
(47,	2,	137,	NULL,	'2014-10-04 07:15:32'),
(48,	2,	42,	NULL,	'2014-10-04 07:17:09'),
(49,	2,	142,	NULL,	'2014-10-04 07:17:09'),
(50,	2,	145,	NULL,	'2014-10-04 07:17:09'),
(51,	2,	147,	NULL,	'2014-10-04 07:17:09'),
(52,	2,	151,	NULL,	'2014-10-04 07:17:09'),
(53,	2,	152,	NULL,	'2014-10-04 07:17:09'),
(54,	2,	153,	NULL,	'2014-10-04 07:17:09');

DROP TABLE IF EXISTS `jawaban_kompetensi`;
CREATE TABLE `jawaban_kompetensi` (
  `id` int(11) NOT NULL AUTO_INCREMENT,
  `mahasiswa` int(11) NOT NULL,
  `soal` int(11) NOT NULL,
  `jawaban_a` int(2) NOT NULL,
  `jawaban_b` int(2) NOT NULL,
  PRIMARY KEY (`id`),
  KEY `fk_jawaban_kompetensi_mahasiswa1_idx` (`mahasiswa`),
  KEY `fk_jawaban_kompetensi_soal1_idx` (`soal`),
  CONSTRAINT `fk_jawaban_kompetensi_mahasiswa1` FOREIGN KEY (`mahasiswa`) REFERENCES `mahasiswa` (`id`) ON DELETE NO ACTION ON UPDATE NO ACTION,
  CONSTRAINT `fk_jawaban_kompetensi_soal1` FOREIGN KEY (`soal`) REFERENCES `soal` (`id`) ON DELETE CASCADE ON UPDATE CASCADE
) ENGINE=InnoDB DEFAULT CHARSET=utf8;

INSERT INTO `jawaban_kompetensi` (`id`, `mahasiswa`, `soal`, `jawaban_a`, `jawaban_b`) VALUES
(3,	2,	18,	2,	3),
(4,	2,	19,	5,	3),
(5,	2,	36,	4,	3),
(6,	2,	37,	5,	3),
(7,	2,	38,	5,	3),
(8,	2,	39,	2,	3),
(9,	2,	40,	4,	3),
(10,	2,	41,	4,	3),
(11,	2,	42,	2,	3),
(12,	2,	43,	2,	3),
(13,	2,	44,	4,	3),
(14,	2,	45,	2,	3),
(15,	2,	46,	5,	3),
(16,	2,	47,	4,	3),
(17,	2,	48,	4,	3),
(18,	2,	49,	1,	3),
(19,	2,	50,	3,	3),
(20,	2,	51,	2,	3),
(21,	2,	52,	2,	3),
(22,	2,	53,	2,	3),
(23,	2,	54,	2,	3),
(24,	2,	55,	3,	3),
(25,	2,	56,	5,	3),
(26,	2,	57,	4,	3),
(27,	2,	58,	4,	3),
(28,	2,	59,	4,	3),
(29,	2,	60,	4,	3),
(30,	2,	61,	5,	3);

DROP TABLE IF EXISTS `jurusan`;
CREATE TABLE `jurusan` (
  `id` int(5) NOT NULL AUTO_INCREMENT,
  `nama` varchar(100) NOT NULL,
  `created` datetime NOT NULL,
  `modified` datetime NOT NULL,
  `fakultas` int(5) NOT NULL,
  PRIMARY KEY (`id`),
  UNIQUE KEY `nama_UNIQUE` (`nama`),
  KEY `fk_jurusan_fakultas1_idx` (`fakultas`),
  CONSTRAINT `fk_jurusan_fakultas1` FOREIGN KEY (`fakultas`) REFERENCES `fakultas` (`id`) ON DELETE NO ACTION ON UPDATE NO ACTION
) ENGINE=InnoDB DEFAULT CHARSET=utf8;

INSERT INTO `jurusan` (`id`, `nama`, `created`, `modified`, `fakultas`) VALUES
(11,	'Ilmu Hukum',	'2014-09-30 15:15:37',	'2014-09-30 15:15:37',	2),
(12,	'Ilmu Ekonomi Studi Pembangunan',	'2014-09-30 15:15:37',	'2014-09-30 15:15:37',	3),
(13,	'Manajemen',	'2014-09-30 15:15:37',	'2014-09-30 15:15:37',	3),
(14,	'Akuntansi',	'2014-09-30 15:15:37',	'2014-09-30 15:15:37',	3),
(15,	'Budidaya Perkebunan',	'2014-09-30 15:15:37',	'2014-09-30 15:15:37',	4),
(16,	'Sosial Ekonomi Pertanian',	'2014-09-30 15:15:37',	'2014-09-30 15:15:37',	4),
(17,	'Ilmu Tanah',	'2014-09-30 15:15:37',	'2014-09-30 15:15:37',	4),
(18,	'Elektro',	'2014-09-30 15:15:37',	'2014-09-30 15:15:37',	5),
(19,	'Sipil',	'2014-09-30 15:15:37',	'2014-09-30 15:15:37',	5),
(20,	'Ilmu Administrasi',	'2014-09-30 15:15:37',	'2014-09-30 15:15:37',	6),
(21,	'Ilmu Sosiologi',	'2014-09-30 15:15:37',	'2014-09-30 15:15:37',	6),
(22,	'Ilmu Pemerintahan',	'2014-09-30 15:15:37',	'2014-09-30 15:15:37',	6),
(23,	'Administrasi Perkantoran',	'2014-09-30 15:15:37',	'2014-09-30 15:15:37',	6),
(24,	'Manajemen Pariwisata',	'2014-09-30 15:15:37',	'2014-09-30 15:15:37',	6),
(25,	'Pekerjaan Sosial',	'2014-09-30 15:15:37',	'2014-09-30 15:15:37',	6),
(26,	'Manajemen Perhotelan',	'2014-09-30 15:15:37',	'2014-09-30 15:15:37',	6),
(27,	'Kesekretariatan',	'2014-09-30 15:15:37',	'2014-09-30 15:15:37',	6),
(28,	'Pendidikan Ilmu Pengetahuan Sosial',	'2014-09-30 15:15:37',	'2014-09-30 15:15:37',	7),
(29,	'Pendidikan Matematika dan IPA',	'2014-09-30 15:15:37',	'2014-09-30 15:15:37',	7),
(31,	'Ilmu Pendidikan',	'2014-09-30 15:15:37',	'2014-09-30 15:15:37',	7),
(32,	'Pendidikan Dasar',	'2014-09-30 15:15:37',	'2014-09-30 15:15:37',	7),
(33,	'Manajemen Hutan',	'2014-09-30 15:15:37',	'2014-09-30 15:15:37',	8),
(34,	'Teknologi Hasil Hutan',	'2014-09-30 15:15:37',	'2014-09-30 15:15:37',	8),
(35,	'Matematika',	'2014-09-30 15:15:37',	'2014-09-30 15:15:37',	9),
(36,	'Fisika',	'2014-09-30 15:15:37',	'2014-09-30 15:15:37',	9),
(37,	'Kimia',	'2014-09-30 15:15:37',	'2014-09-30 15:15:37',	9),
(38,	'Biologi',	'2014-09-30 15:15:37',	'2014-09-30 15:15:37',	9),
(39,	'Kedokteran Umum',	'2014-09-30 15:15:37',	'2014-09-30 15:15:37',	10),
(189,	'Pendidikan Bahasa dan Seni',	'2014-09-30 15:15:37',	'2014-09-30 15:15:37',	7),
(195,	'Farmasi',	'2014-09-30 15:15:37',	'2014-09-30 15:15:37',	10),
(207,	'Budidaya Pertanian',	'2014-09-30 15:15:37',	'2014-09-30 15:15:37',	4),
(208,	'Manajemen ( S-2 )',	'2014-09-30 15:15:37',	'2014-09-30 15:15:37',	3),
(217,	'Sistem Komputer',	'2014-09-30 15:15:37',	'2014-09-30 15:15:37',	9),
(232,	'Pasca Sarjana',	'0000-00-00 00:00:00',	'0000-00-00 00:00:00',	6),
(247,	'Ilmu Keperawatan',	'0000-00-00 00:00:00',	'0000-00-00 00:00:00',	10),
(259,	'Kehutanan',	'0000-00-00 00:00:00',	'0000-00-00 00:00:00',	8),
(306,	'Magister Ilmu Hukum',	'0000-00-00 00:00:00',	'0000-00-00 00:00:00',	2),
(310,	'Magister MIPA',	'0000-00-00 00:00:00',	'0000-00-00 00:00:00',	9),
(313,	'Magister Sipil',	'0000-00-00 00:00:00',	'0000-00-00 00:00:00',	5),
(333,	'Ilmu Kelautan',	'0000-00-00 00:00:00',	'0000-00-00 00:00:00',	9),
(334,	'Geofisika',	'0000-00-00 00:00:00',	'0000-00-00 00:00:00',	9),
(335,	'Statistik',	'0000-00-00 00:00:00',	'0000-00-00 00:00:00',	9),
(336,	'Ilmu dan Teknologi Pangan',	'0000-00-00 00:00:00',	'0000-00-00 00:00:00',	4),
(337,	'Peternakan',	'0000-00-00 00:00:00',	'0000-00-00 00:00:00',	4),
(338,	'Ilmu Komunikasi',	'0000-00-00 00:00:00',	'0000-00-00 00:00:00',	6),
(349,	'Magister Ilmu Kehutanan',	'0000-00-00 00:00:00',	'0000-00-00 00:00:00',	8),
(353,	'Magister Elektro',	'0000-00-00 00:00:00',	'0000-00-00 00:00:00',	5),
(357,	'Magister Agroteknologi',	'0000-00-00 00:00:00',	'0000-00-00 00:00:00',	4),
(361,	'Magister Ilmu Lingkungan',	'0000-00-00 00:00:00',	'0000-00-00 00:00:00',	360),
(363,	'Ekonomi Islam',	'0000-00-00 00:00:00',	'0000-00-00 00:00:00',	3),
(365,	'Manajemen Sumber Perairan',	'0000-00-00 00:00:00',	'0000-00-00 00:00:00',	4),
(366,	'Ilmu Hubungan Internasional',	'0000-00-00 00:00:00',	'0000-00-00 00:00:00',	6),
(367,	'Antropologi Sosial',	'0000-00-00 00:00:00',	'0000-00-00 00:00:00',	6),
(368,	'Kearsipan',	'0000-00-00 00:00:00',	'0000-00-00 00:00:00',	6),
(382,	'Sistem Informasi',	'0000-00-00 00:00:00',	'0000-00-00 00:00:00',	9);

DROP TABLE IF EXISTS `mahasiswa`;
CREATE TABLE `mahasiswa` (
  `id` int(11) NOT NULL AUTO_INCREMENT,
  `nim` varchar(12) NOT NULL,
  `nama` varchar(45) NOT NULL,
  `tempat_lahir` varchar(45) NOT NULL,
  `tanggal_lahir` date NOT NULL,
  `prodi` int(11) NOT NULL,
  `jenis` enum('L','P') NOT NULL,
  `alamat` varchar(100) NOT NULL,
  `kota` varchar(45) NOT NULL,
  `telepon` varchar(15) NOT NULL,
  `email` varchar(100) NOT NULL,
  `tahun_masuk` int(4) NOT NULL,
  `tahun_lulus` int(4) NOT NULL,
  `lama_studi` int(3) DEFAULT NULL,
  `instansi` varchar(100) NOT NULL,
  `telepon_instansi` varchar(15) NOT NULL,
  `email_instansi` varchar(100) NOT NULL,
  `admin` int(11) DEFAULT NULL,
  `created` datetime NOT NULL,
  `modified` datetime NOT NULL,
  PRIMARY KEY (`id`),
  KEY `fk_mahasiswa_admin1_idx` (`admin`),
  KEY `fk_mahasiswa_prodi1_idx` (`prodi`),
  CONSTRAINT `fk_mahasiswa_admin1` FOREIGN KEY (`admin`) REFERENCES `admin` (`id`) ON DELETE NO ACTION ON UPDATE CASCADE,
  CONSTRAINT `fk_mahasiswa_prodi1` FOREIGN KEY (`prodi`) REFERENCES `prodi` (`id`) ON DELETE NO ACTION ON UPDATE CASCADE
) ENGINE=InnoDB DEFAULT CHARSET=big5;

INSERT INTO `mahasiswa` (`id`, `nim`, `nama`, `tempat_lahir`, `tanggal_lahir`, `prodi`, `jenis`, `alamat`, `kota`, `telepon`, `email`, `tahun_masuk`, `tahun_lulus`, `lama_studi`, `instansi`, `telepon_instansi`, `email_instansi`, `admin`, `created`, `modified`) VALUES
(2,	'D11102172',	'DIAN PRAWIRA',	'SINTANG',	'1984-11-13',	50,	'L',	'Jl. Purnama Komp. DInasti Indah B.10 Pontianak',	'Pontianak',	'081345697771',	'wiradianxiv@mti.gadjahmada.edu',	2002,	2008,	6,	'CV. Digital Solusi Teknologi',	'081345697771',	'info@itkonsultan.co.id',	NULL,	'2014-10-04 07:10:07',	'2014-10-04 07:10:07');

DROP TABLE IF EXISTS `pilihan`;
CREATE TABLE `pilihan` (
  `id` int(11) NOT NULL AUTO_INCREMENT,
  `pilihan` varchar(200) NOT NULL,
  `soal_id` int(11) NOT NULL,
  PRIMARY KEY (`id`),
  KEY `fk_pilihan_soal1_idx` (`soal_id`) USING BTREE,
  CONSTRAINT `fk_pilihan_soal1` FOREIGN KEY (`soal_id`) REFERENCES `soal` (`id`) ON DELETE CASCADE ON UPDATE CASCADE
) ENGINE=InnoDB DEFAULT CHARSET=utf8;

INSERT INTO `pilihan` (`id`, `pilihan`, `soal_id`) VALUES
(4,	'Kira-kira ... bulan sesudah lulus (isikan angka pada kolom keterangan di bawah)',	1),
(6,	'Saya tidak mencari kerja',	1),
(7,	'Melalui iklan di koran/majalah, brosur',	2),
(8,	'Melamar ke perusahaan tanpa mengetahui lowongan yang ada',	2),
(9,	'Pergi ke bursa/pameran kerja',	2),
(10,	'Mencari lewat internet/iklan online/milis',	2),
(11,	'Dihubungi oleh perusahaan',	2),
(12,	'Menghubungi Kemenakertrans',	2),
(13,	'Menghubungi agen tenaga kerja komersial/swasta',	2),
(14,	'Memperoleh informasi dari pusat/kantor pengembangan karir fakultas/universitas',	2),
(15,	'Menghubungi kantor kemahasiswaan/hubungan alumni',	2),
(16,	'Membangun jejaring (network) sejak masih kuliah',	2),
(17,	'Melalui relasi (misalnya dosen, orang tua, saudara, teman, dll.)',	2),
(18,	'Membangun bisnis sendiri',	2),
(19,	'Melalui penempatan kerja atau magang',	2),
(20,	'Bekerja di tempat yang sama dengan tempat kerja semasa kuliah',	2),
(22,	'Kira-kira ... bulan sebelum lulus ujian (isikan angka pada kolom keterangan di bawah)',	3),
(23,	'Kira-kira ... bulan sesudah lulus ujian (isikan angka pada kolom keterangan di bawah)',	3),
(24,	'Ya, tuliskan di kolom keterangan di bawah',	4),
(25,	'Tidak, tuliskan di kolom keterangan di bawah',	4),
(26,	'Kurang dari 2 juta',	5),
(27,	'2 juta s.d 5 juta',	5),
(28,	'5 juta s.d 10 juta',	5),
(29,	'10 juta s.d 15 juta',	5),
(30,	'15 juta s.d 25 juta',	5),
(31,	'Lebih dari 25 juta',	5),
(32,	'Ya, (tuliskan di kolom keterangan di bawah)',	15),
(33,	'Tidak, (tuliskan di kolom keterangan di bawah)',	15),
(34,	'Kurikulum',	16),
(35,	'Metode Pembelajaran',	16),
(36,	'Suasana Pembelajaran',	16),
(37,	'Sarana,layanan administrasi,dll',	16),
(38,	'Lainnya, (tuliskan di kolom keterangan di bawah)',	16),
(39,	'Kemampuan akademik',	17),
(40,	'Ekstra kulikuler',	17),
(41,	'Asal perguruan tinggi',	17),
(42,	'Lainnya, (tuliskan di kolom keterangan di bawah)',	17),
(43,	'Kira-kira ... bulan sebelum lulus (isikan angka pada kolom keterangan di bawah)',	1),
(44,	'Lainnya, (tuliskan di kolom keterangan di bawah)',	2),
(45,	'Satu perusahaan/instansi/institusi',	6),
(46,	'Dua perusahaan/instansi/institusi',	6),
(47,	'Tiga perusahaan/instansi/institusi',	6),
(48,	'Lainnya, (tuliskan perusahaan/instansi/institusi di kolom keterangan di bawah)',	6),
(49,	'Satu perusahaan/instansi/institusi',	7),
(50,	'Dua perusahaan/instansi/institusi',	7),
(51,	'Tiga perusahaan/instansi/institusi',	7),
(52,	'Lainnya, (tuliskan perusahaan/instansi/institusi di kolom keterangan di bawah)',	7),
(53,	'Ya',	8),
(54,	'Tidak',	8),
(55,	'Pekerja Tetap',	11),
(56,	'Pekerja Tidak Tetap',	11),
(57,	'Instansi pemerintah (termasuk BUMN)',	12),
(58,	'Organisasi nonprofit/Lembaga Swadaya Masyarakat',	12),
(59,	'Perusahaan swasta',	12),
(60,	'Wiraswasta/perusahaan sendiri',	12),
(61,	'Lainnya, (tuliskan di kolom keterangan di bawah)',	12),
(62,	'Belum pernah melamar pekerjaan',	9),
(63,	'Sudah melamar tapi belum mendapat panggilan tes',	9),
(64,	'Sudah pernah mengikuti tes tapi tidak lulus',	9),
(65,	'Lainnya, (tuliskan di kolom keterangan di bawah)',	9),
(66,	'Tidak',	10),
(67,	'Tidak, tapi saya sedang menunggu hasil lamaran kerja',	10),
(68,	'Ya, saya akan mulai bekerja dalam 2 minggu ke depan',	10),
(69,	'Ya, tapi saya belum pasti akan bekerja dalam 2 minggu ke depan',	10),
(70,	'Lainnya, (tuliskan di kolom keterangan di bawah)',	10),
(71,	'Satu',	13),
(72,	'Dua',	13),
(73,	'Tiga',	13),
(74,	'Empat',	13),
(75,	'Lebih dari empat',	13),
(76,	'Kurang dari 1 bulan',	14),
(77,	'1 sampai dengan 3 bulan',	14),
(78,	'3 sampai dengan 6 bulan',	14),
(79,	'6 sampai dengan 12 bulan',	14),
(80,	'Lainnya ... bulan (isikan titik-titik pada kolom keterangan di bawah)',	14),
(81,	'Banyak perbaikan nilai',	20),
(82,	'Skripsi',	20),
(83,	'KKN',	20),
(84,	'Sistem perbaikan nilai mata kuliah',	20),
(85,	'Lainnya, (tuliskan di kolom keterangan di bawah)',	20),
(86,	'Kurang dari 2,5',	21),
(87,	'2,5 sampai dengan 3,0',	21),
(88,	'3,0 sampai dengan 3,5',	21),
(89,	'3,5 sampai dengan 4,0',	21),
(90,	'Sangat tidak setuju',	22),
(91,	'Tidak setuju',	22),
(92,	'Setuju',	22),
(93,	'Sangat setuju',	22),
(94,	'Sangat tidak setuju',	23),
(95,	'Tidak setuju',	23),
(96,	'Setuju',	23),
(97,	'Sangat setuju',	23),
(98,	'Sangat tidak setuju',	24),
(99,	'Tidak setuju',	24),
(100,	'Setuju',	24),
(101,	'Sangat setuju',	24),
(102,	'Sangat tidak setuju',	25),
(103,	'Tidak setuju',	25),
(104,	'Setuju',	25),
(105,	'Sangat setuju',	25),
(106,	'Sangat tidak setuju',	26),
(107,	'Tidak setuju',	26),
(108,	'Setuju',	26),
(109,	'Sangat setuju',	26),
(110,	'Sangat tidak baik',	27),
(111,	'Tidak baik',	27),
(112,	'Baik',	27),
(113,	'Sangat baik',	27),
(114,	'Sangat tidak baik',	28),
(115,	'Tidak baik',	28),
(116,	'Baik',	28),
(117,	'Sangat baik',	28),
(118,	'Sangat tidak baik',	29),
(119,	'Tidak baik',	29),
(120,	'Baik',	29),
(121,	'Sangat baik',	29),
(122,	'Sangat tidak baik',	30),
(123,	'Tidak baik',	30),
(124,	'Baik',	30),
(125,	'Sangat baik',	30),
(126,	'Sangat tidak memadai',	31),
(127,	'Tidak memadai',	31),
(128,	'Memadai',	31),
(129,	'Sangat memadai',	31),
(130,	'Sangat memadai',	32),
(131,	'Tidak memadai',	32),
(132,	'Memadai',	32),
(133,	'Sangat memadai',	32),
(134,	'Sangat memadai',	32),
(135,	'Sangat tidak memadai',	33),
(136,	'Tidak memadai',	33),
(137,	'Memadai',	33),
(138,	'Sangat memadai',	33),
(139,	'Kemampuan akademik',	34),
(140,	'Ekstra kurikuler',	34),
(141,	'Asal perguruantinggi',	34),
(142,	'Kepribadian',	34),
(143,	'Lainnya, (tuliskan di kolom keterangan di bawah)',	34),
(144,	'Kemampuan komunikasi',	35),
(145,	'Kemampuan bahasa',	35),
(146,	'Kemampuan bekerja dalam tim',	35),
(147,	'Kemampuan komputer',	35),
(148,	'Kepemimpinan',	35),
(149,	'Kreatifitas',	35),
(150,	'Disiplin',	35),
(151,	'Sikap kritis',	35),
(152,	'Loyalitas',	35),
(153,	'Kedewasaan',	35),
(154,	'Kemandirian',	35),
(155,	'Lainnya, (tuliskan di kolom keterangan di bawah)',	35);

DROP TABLE IF EXISTS `prodi`;
CREATE TABLE `prodi` (
  `id` int(11) NOT NULL AUTO_INCREMENT,
  `nama` varchar(45) NOT NULL,
  `created` datetime NOT NULL,
  `modified` datetime NOT NULL,
  `jurusan` int(5) NOT NULL,
  PRIMARY KEY (`id`),
  KEY `fk_prodi_jurusan1_idx` (`jurusan`),
  CONSTRAINT `fk_prodi_jurusan1` FOREIGN KEY (`jurusan`) REFERENCES `jurusan` (`id`) ON DELETE NO ACTION ON UPDATE NO ACTION
) ENGINE=InnoDB DEFAULT CHARSET=utf8;

INSERT INTO `prodi` (`id`, `nama`, `created`, `modified`, `jurusan`) VALUES
(40,	'Ilmu Hukum',	'2014-09-30 15:15:37',	'2014-09-30 15:15:37',	11),
(41,	'Ekonomi Pembangunan',	'2014-09-30 15:15:37',	'2014-09-30 15:15:37',	12),
(42,	'Manajemen',	'2014-09-30 15:15:37',	'2014-09-30 15:15:37',	13),
(43,	'Akuntansi',	'2014-09-30 15:15:37',	'2014-09-30 15:15:37',	14),
(44,	'Budidaya Tanaman Perkebunan',	'2014-09-30 15:15:37',	'2014-09-30 15:15:37',	15),
(45,	'Agronomi',	'2014-09-30 15:15:37',	'2014-09-30 15:15:37',	207),
(46,	'Sosial Ekonomi Pertanian',	'2014-09-30 15:15:37',	'2014-09-30 15:15:37',	16),
(47,	'Ilmu Tanah (lama)',	'2014-09-30 15:15:37',	'2014-09-30 15:15:37',	17),
(48,	'Elektro',	'2014-09-30 15:15:37',	'2014-09-30 15:15:37',	18),
(49,	'Informatika',	'2014-09-30 15:15:37',	'2014-09-30 15:15:37',	18),
(50,	'Sipil',	'2014-09-30 15:15:37',	'2014-09-30 15:15:37',	19),
(51,	'Arsitektur',	'2014-09-30 15:15:37',	'2014-09-30 15:15:37',	19),
(52,	'Ilmu Adminitrasi Negara',	'2014-09-30 15:15:37',	'2014-09-30 15:15:37',	20),
(53,	'Ilmu Sosiatri',	'2014-09-30 15:15:37',	'2014-09-30 15:15:37',	21),
(54,	'Ilmu Pemerintahan',	'2014-09-30 15:15:37',	'2014-09-30 15:15:37',	22),
(55,	'Administrasi Perkantoran',	'2014-09-30 15:15:37',	'2014-09-30 15:15:37',	23),
(56,	'Manajemen Pariwisata',	'2014-09-30 15:15:37',	'2014-09-30 15:15:37',	24),
(57,	'Pekerjaan Sosial',	'2014-09-30 15:15:37',	'2014-09-30 15:15:37',	25),
(58,	'Manajemen Perhotelan',	'2014-09-30 15:15:37',	'2014-09-30 15:15:37',	26),
(59,	'Kesekretariatan',	'2014-09-30 15:15:37',	'2014-09-30 15:15:37',	27),
(60,	'Pendidikan Ekonomi',	'2014-09-30 15:15:37',	'2014-09-30 15:15:37',	28),
(61,	'Pendidikan Kimia',	'2014-09-30 15:15:37',	'2014-09-30 15:15:37',	29),
(62,	'Pendidikan Fisika',	'2014-09-30 15:15:37',	'2014-09-30 15:15:37',	29),
(63,	'Pendidikan Matematika',	'2014-09-30 15:15:37',	'2014-09-30 15:15:37',	29),
(64,	'Pendidikan Biologi',	'2014-09-30 15:15:37',	'2014-09-30 15:15:37',	29),
(65,	'Pendidikan Bhs dan Sas Ind dan Daerah',	'2014-09-30 15:15:37',	'2014-09-30 15:15:37',	189),
(66,	'Pendidikan Bahasa Inggris',	'2014-09-30 15:15:37',	'2014-09-30 15:15:37',	189),
(67,	'Administrasi Pendidikan',	'2014-09-30 15:15:37',	'2014-09-30 15:15:37',	31),
(68,	'Bimbingan Konseling',	'2014-09-30 15:15:37',	'2014-09-30 15:15:37',	31),
(69,	'Ilmu Pendidikan',	'2014-09-30 15:15:37',	'2014-09-30 15:15:37',	31),
(70,	'Pendidikan Guru Sekolah Dasar',	'2014-09-30 15:15:37',	'2014-09-30 15:15:37',	32),
(71,	'Manajemen Hutan',	'2014-09-30 15:15:37',	'2014-09-30 15:15:37',	33),
(72,	'Teknologi Hasil Hutan',	'2014-09-30 15:15:37',	'2014-09-30 15:15:37',	34),
(73,	'Matematika',	'2014-09-30 15:15:37',	'2014-09-30 15:15:37',	35),
(74,	'Fisika',	'2014-09-30 15:15:37',	'2014-09-30 15:15:37',	36),
(75,	'Kimia',	'2014-09-30 15:15:37',	'2014-09-30 15:15:37',	37),
(76,	'Biologi',	'2014-09-30 15:15:37',	'2014-09-30 15:15:37',	38),
(77,	'Pendidikan Dokter',	'2014-09-30 15:15:37',	'2014-09-30 15:15:37',	39),
(193,	'Teknik Lingkungan',	'0000-00-00 00:00:00',	'2014-09-30 15:15:37',	19),
(196,	'Pendidikan Jasmani dan Kesehatan',	'2014-09-30 15:15:37',	'2014-09-30 15:15:37',	31),
(201,	'Farmasi',	'2014-09-30 15:15:37',	'2014-09-30 15:15:37',	195),
(210,	'Magister Manajemen',	'2014-09-30 15:15:37',	'2014-09-30 15:15:37',	208),
(211,	'Pendidikan Guru Pendidikan Anak Usia Dini',	'2014-09-30 15:15:37',	'2014-09-30 15:15:37',	31),
(212,	'Pendidikan Sosiologi',	'2014-09-30 15:15:37',	'2014-09-30 15:15:37',	31),
(218,	'Sistem Komputer',	'2014-09-30 15:15:37',	'2014-09-30 15:15:37',	217),
(219,	'Teknik Industri',	'2014-09-30 15:15:37',	'2014-09-30 15:15:37',	18),
(223,	'Pendidikan Seni Tari dan Musik',	'2014-09-30 15:15:37',	'2014-09-30 15:15:37',	189),
(225,	'Magister Teknologi Pembelajaran',	'2014-09-30 15:15:37',	'2014-09-30 15:15:37',	31),
(226,	'Magister Pendidikan Bahasa Indonesia',	'2014-09-30 15:15:37',	'2014-09-30 15:15:37',	189),
(227,	'Magister Agribisnis',	'2014-09-30 15:15:37',	'2014-09-30 15:15:37',	16),
(233,	'Magister Ilmu Administrasi Negara',	'2014-09-30 15:15:37',	'2014-09-30 15:15:37',	232),
(234,	'Magister Ilmu Sosiologi',	'2014-09-30 15:15:37',	'2014-09-30 15:15:37',	232),
(235,	'Magister Ilmu Politik',	'2014-09-30 15:15:37',	'2014-09-30 15:15:37',	232),
(236,	'Ilmu Politik',	'2014-09-30 15:15:37',	'2014-09-30 15:15:37',	20),
(243,	'Sosiologi',	'2014-09-30 15:15:37',	'2014-09-30 15:15:37',	21),
(244,	'Pendidikan Bahasa Mandarin',	'2014-09-30 15:15:37',	'2014-09-30 15:15:37',	189),
(250,	'Keperawatan',	'2014-09-30 15:15:37',	'2014-09-30 15:15:37',	247),
(253,	'Agroteknologi',	'2014-09-30 15:15:37',	'2014-09-30 15:15:37',	207),
(254,	'Agribisnis',	'2014-09-30 15:15:37',	'2014-09-30 15:15:37',	16),
(260,	'Kehutanan',	'2014-09-30 15:15:37',	'2014-09-30 15:15:37',	259),
(275,	'Magister Administrasi Pendidikan',	'2014-09-30 15:15:37',	'2014-09-30 15:15:37',	31),
(304,	'Magister Pendidikan Matematika',	'2014-09-30 15:15:37',	'2014-09-30 15:15:37',	29),
(307,	'Magister Ilmu Hukum',	'2014-09-30 15:15:37',	'2014-09-30 15:15:37',	306),
(308,	'Magister Pendidikan Ekonomi',	'2014-09-30 15:15:37',	'2014-09-30 15:15:37',	28),
(309,	'Magister Ilmu Ekonomi ',	'2014-09-30 15:15:37',	'2014-09-30 15:15:37',	12),
(311,	'Magister Kimia',	'2014-09-30 15:15:37',	'2014-09-30 15:15:37',	310),
(312,	'Magister Pendidikan Bahasa Inggris',	'2014-09-30 15:15:37',	'2014-09-30 15:15:37',	189),
(314,	'Magister Sipil',	'2014-09-30 15:15:37',	'2014-09-30 15:15:37',	313),
(315,	'Ilmu Tanah',	'2014-09-30 15:15:37',	'2014-09-30 15:15:37',	17),
(330,	'Perencanaan Wilayah Kota',	'2014-09-30 15:15:37',	'2014-09-30 15:15:37',	19),
(331,	'Teknik Pertambangan',	'2014-09-30 15:15:37',	'2014-09-30 15:15:37',	19),
(332,	'Teknik Kelautan',	'2014-09-30 15:15:37',	'2014-09-30 15:15:37',	19),
(339,	'Teknik Kimia',	'2014-09-30 15:15:37',	'2014-09-30 15:15:37',	18),
(340,	'Teknik Mesin',	'0000-00-00 00:00:00',	'0000-00-00 00:00:00',	18),
(342,	'Geofisika',	'0000-00-00 00:00:00',	'0000-00-00 00:00:00',	334),
(343,	'Ilmu Kelautan',	'0000-00-00 00:00:00',	'0000-00-00 00:00:00',	333),
(344,	'Statistik',	'0000-00-00 00:00:00',	'0000-00-00 00:00:00',	335),
(345,	'Ilmu dan Teknologi Pangan',	'0000-00-00 00:00:00',	'0000-00-00 00:00:00',	336),
(346,	'Peternakan',	'0000-00-00 00:00:00',	'0000-00-00 00:00:00',	337),
(347,	'Ilmu Komunikasi',	'0000-00-00 00:00:00',	'0000-00-00 00:00:00',	338),
(350,	'Magister Ilmu Kehutanan',	'0000-00-00 00:00:00',	'0000-00-00 00:00:00',	349),
(352,	'Magister Pendidikan Guru Sekolah Dasar',	'0000-00-00 00:00:00',	'0000-00-00 00:00:00',	32),
(354,	'Magister Elektro',	'0000-00-00 00:00:00',	'0000-00-00 00:00:00',	353),
(358,	'Magister Agroteknologi',	'0000-00-00 00:00:00',	'0000-00-00 00:00:00',	357),
(362,	'Magister Ilmu Lingkungan',	'0000-00-00 00:00:00',	'0000-00-00 00:00:00',	361),
(364,	'Ekonomi Islam',	'0000-00-00 00:00:00',	'0000-00-00 00:00:00',	363),
(369,	'Manajemen Sumber Perairan',	'0000-00-00 00:00:00',	'0000-00-00 00:00:00',	365),
(370,	'Ilmu Hubungan Internasional',	'0000-00-00 00:00:00',	'0000-00-00 00:00:00',	366),
(371,	'Antropologi Sosial',	'0000-00-00 00:00:00',	'0000-00-00 00:00:00',	367),
(372,	'Kearsipan',	'0000-00-00 00:00:00',	'0000-00-00 00:00:00',	368),
(373,	'Pendidikan Pancasila dan Kewarganegaraan',	'0000-00-00 00:00:00',	'0000-00-00 00:00:00',	31),
(374,	'Pendidikan Sejarah',	'0000-00-00 00:00:00',	'0000-00-00 00:00:00',	31),
(375,	'Pendidikan Geografi',	'0000-00-00 00:00:00',	'0000-00-00 00:00:00',	31),
(376,	'Pendidikan Kepelatihan Olahraga',	'0000-00-00 00:00:00',	'0000-00-00 00:00:00',	31),
(377,	'Pendidikan IPS',	'0000-00-00 00:00:00',	'0000-00-00 00:00:00',	28),
(378,	'Perpustakaan',	'0000-00-00 00:00:00',	'0000-00-00 00:00:00',	31),
(383,	'Sistem Informasi',	'0000-00-00 00:00:00',	'0000-00-00 00:00:00',	382);

DROP TABLE IF EXISTS `saran`;
CREATE TABLE `saran` (
  `id` int(11) NOT NULL AUTO_INCREMENT,
  `mahasiswa` int(11) NOT NULL,
  `saran` varchar(200) NOT NULL,
  `created` datetime NOT NULL,
  PRIMARY KEY (`id`),
  KEY `fk_saran_mahasiswa1_idx` (`mahasiswa`),
  CONSTRAINT `fk_saran_mahasiswa1` FOREIGN KEY (`mahasiswa`) REFERENCES `mahasiswa` (`id`) ON DELETE NO ACTION ON UPDATE NO ACTION
) ENGINE=InnoDB DEFAULT CHARSET=utf8;

INSERT INTO `saran` (`id`, `mahasiswa`, `saran`, `created`) VALUES
(2,	2,	'Hentikan OPSPEK pada proses penerimaan mahasiswa baru. Ganti dengan seminar motivasi.',	'2014-10-04 07:20:55');

DROP TABLE IF EXISTS `soal`;
CREATE TABLE `soal` (
  `id` int(11) NOT NULL AUTO_INCREMENT,
  `nomor` varchar(5) NOT NULL,
  `tipe` enum('C','D') NOT NULL,
  `kolom` enum('T','I','N') NOT NULL DEFAULT 'N',
  `pertanyaan` varchar(200) NOT NULL,
  `created` datetime NOT NULL,
  `modified` datetime NOT NULL,
  PRIMARY KEY (`id`)
) ENGINE=InnoDB DEFAULT CHARSET=utf8;

INSERT INTO `soal` (`id`, `nomor`, `tipe`, `kolom`, `pertanyaan`, `created`, `modified`) VALUES
(1,	'1.01',	'D',	'I',	'Kapan anda mulai mencari pekerjaan? Mohon pekerjaan sambilan tidak dimasukkan (Jawaban dalam bulan)',	'2014-08-19 00:00:00',	'2014-09-13 15:17:27'),
(2,	'1.02',	'C',	'T',	'Bagaimana anda mencari pekerjaan tersebut? Jawaban bisa lebih dari satu',	'2014-08-19 00:00:00',	'2014-09-13 16:51:51'),
(3,	'1.03',	'D',	'I',	'Berapa bulan waktu yang dihabiskan (sebelum dan sesudah kelulusan) untuk memperoleh pekerjaan pertam',	'2014-08-19 00:00:00',	'2014-08-19 00:00:00'),
(4,	'1.04',	'D',	'T',	'Apakah pekerjaan pertama anda setelah lulus sesuai dengan bidang?',	'2014-08-19 00:00:00',	'2014-08-19 00:00:00'),
(5,	'1.05',	'D',	'N',	'Berapa besar gaji pekerjaan pertama anda?',	'2014-08-19 00:00:00',	'2014-08-19 00:00:00'),
(6,	'1.06',	'D',	'I',	'Berapa perusahaan/instansi/institusi yang sudah anda lamar (lewat surat atau e-mail) sebelum anda memeroleh pekerjaan pertama?',	'2014-09-30 03:02:17',	'2014-09-30 03:03:47'),
(7,	'1.07',	'D',	'I',	'Berapa banyak perusahaan/instansi/institusi yang merespons lamaran anda?',	'2014-09-30 03:04:11',	'2014-09-30 03:04:11'),
(8,	'1.08',	'D',	'N',	'Apakah anda bekerja saat ini (termasuk kerja sambilan dan wirausaha)?',	'2014-09-30 03:05:10',	'2014-09-30 03:05:10'),
(9,	'1.09',	'C',	'T',	'Jika belum bekerja, manakah hal berikut yang sesuai dengan kondisi anda?',	'2014-09-30 03:10:32',	'2014-09-30 03:10:32'),
(10,	'1.10',	'D',	'T',	'Apakah anda aktif mencari pekerjaan dalam 4 minggu terakhir?',	'2014-09-30 03:45:33',	'2014-09-30 03:45:33'),
(11,	'1.11',	'D',	'N',	'Apakah status pekerjaan anda sekarang',	'2014-09-30 03:08:01',	'2014-09-30 03:08:01'),
(12,	'1.12',	'D',	'T',	'Apa jenis perusahaan/instansi/institusi tempat anda bekerja sekarang ? ',	'2014-09-30 03:08:39',	'2014-09-30 03:08:39'),
(13,	'1.14',	'D',	'N',	'Setelah wisuda, ada berapa pekerjaan yang anda sudah/sedang geluti?',	'2014-09-30 10:43:29',	'2014-09-30 10:43:29'),
(14,	'1.15',	'D',	'I',	'Berapa lama anda bekerja di tempat kerja sekarang? ',	'2014-09-30 10:46:17',	'2014-09-30 10:46:17'),
(15,	'2.01',	'D',	'T',	'Apakah suasana akademik pada saat kuliah telah sesuai dengan harapan anda?',	'2014-08-19 00:00:00',	'2014-08-19 00:00:00'),
(16,	'2.02',	'C',	'T',	'Faktor apakah yang membuat suasana akademik tidak sesuai harapan anda? (pilihan jawaban bisa lebih dari satu)',	'2014-08-19 00:00:00',	'2014-08-19 00:00:00'),
(17,	'3.01',	'D',	'T',	'Sesuai kondisi anda sekarang, faktor apa yang sangat berperan untuk mendapatkan pekerjaan?',	'2014-08-19 00:00:00',	'2014-08-19 00:00:00'),
(18,	'4.01',	'C',	'N',	'Pengetahuan di bidang atau disiplin ilmu anda',	'2014-08-19 00:00:00',	'2014-08-19 00:00:00'),
(19,	'4.02',	'D',	'N',	'Pengetahuan di luar bidang atau disiplin ilmu anda ',	'2014-09-16 17:03:40',	'2014-10-02 19:43:52'),
(20,	'2.03',	'C',	'T',	'Faktor apakah yang mempengaruhi lama studi ?',	'2014-10-02 11:11:18',	'2014-10-02 11:12:46'),
(21,	'2.04',	'D',	'N',	'Berapa IPK Anda saat lulus?',	'2014-10-02 11:17:32',	'2014-10-02 11:17:32'),
(22,	'2.05',	'D',	'N',	'Proses pembelajaran mampu memotivasi mahasiswa',	'2014-10-02 11:19:31',	'2014-10-02 11:19:31'),
(23,	'2.06',	'D',	'N',	'Dosen mudah ditemui untuk urusan akademik',	'2014-10-02 11:20:49',	'2014-10-02 11:20:49'),
(24,	'2.07',	'D',	'N',	'Fasilitas penelitian ditunjang fasilitas yang memadai',	'2014-10-02 11:22:07',	'2014-10-02 11:22:07'),
(25,	'2.08',	'D',	'N',	'Sarana dan prasarana pembelajaran memadai',	'2014-10-02 11:23:38',	'2014-10-02 11:23:38'),
(26,	'2.09',	'D',	'N',	'Proses pembelajaran meningkatkan kompetensi mahasiswa',	'2014-10-02 11:25:09',	'2014-10-02 11:25:09'),
(27,	'2.10',	'D',	'N',	'Pelayanan administrasi akademik di tingkat Universitas',	'2014-10-02 11:27:03',	'2014-10-02 11:27:03'),
(28,	'2.11',	'D',	'N',	'Pelayanan administrasi akademik di tingkat fakultas',	'2014-10-02 11:28:37',	'2014-10-02 11:28:37'),
(29,	'2.12',	'D',	'N',	'Pelayanan administrasi akademik di jurusan/prodi',	'2014-10-02 11:30:34',	'2014-10-02 11:30:34'),
(30,	'2.13',	'D',	'N',	'Proses pembelajaran',	'2014-10-02 13:46:37',	'2014-10-02 13:46:37'),
(31,	'2.14',	'D',	'N',	'Fasilitas laboratorium',	'2014-10-02 13:47:48',	'2014-10-02 13:47:48'),
(32,	'2.15',	'D',	'N',	'Fasilitas internet',	'2014-10-02 13:48:50',	'2014-10-02 13:48:50'),
(33,	'2.16',	'D',	'N',	'Fasilitas ruang kuliah',	'2014-10-02 13:49:59',	'2014-10-02 13:49:59'),
(34,	'3.02',	'D',	'T',	'Sesuai kondisi anda sekarang, factor apa yang paling berperan untuk pengembangan karir anda?\r\n',	'2014-10-02 13:55:36',	'2014-10-02 13:55:36'),
(35,	'3.03',	'C',	'T',	'Pengetahuan dan keterampilan yang dibutuhkan pada pekerjaan anda sekarang?',	'2014-10-02 19:12:21',	'2014-10-02 19:12:21'),
(36,	'4.03',	'D',	'N',	'Pengetahuan umum ',	'2014-10-02 19:44:25',	'2014-10-02 19:44:25'),
(37,	'4.04',	'D',	'N',	'Ketrampilan internet',	'2014-10-02 19:45:10',	'2014-10-02 19:45:10'),
(38,	'4.05',	'D',	'N',	'Ketrampilan komputer ',	'2014-10-02 19:45:43',	'2014-10-02 19:45:43'),
(39,	'4.06',	'D',	'N',	'Berpikir kritis',	'2014-10-02 19:46:26',	'2014-10-02 19:46:26'),
(40,	'4.07',	'D',	'N',	'Ketrampilan riset ',	'2014-10-02 19:46:46',	'2014-10-02 19:46:46'),
(41,	'4.08',	'D',	'N',	'Kemampuan belajar ',	'2014-10-02 19:47:32',	'2014-10-02 19:47:32'),
(42,	'4.09',	'D',	'N',	'Kemampuan berkomunikasi',	'2014-10-02 19:48:09',	'2014-10-02 19:48:09'),
(43,	'4.10',	'D',	'N',	'Kemampuan berkomunikasi',	'2014-10-02 19:48:39',	'2014-10-02 19:48:39'),
(44,	'4.11',	'D',	'N',	'Bekerja di bawah tekanan',	'2014-10-02 19:49:04',	'2014-10-02 19:49:04'),
(45,	'4.12',	'D',	'N',	'Manajemen waktu',	'2014-10-02 19:49:29',	'2014-10-02 19:49:29'),
(46,	'4.13',	'D',	'N',	'Bekerja secara mandiri \r\n',	'2014-10-02 19:50:40',	'2014-10-02 19:50:40'),
(47,	'4.14',	'D',	'N',	'Bekerja dalam tim/bekerjasama dengan orang lain ',	'2014-10-02 19:51:23',	'2014-10-02 19:51:23'),
(48,	'4.15',	'D',	'N',	'Kemampuan dalam memecahkan masalah ',	'2014-10-02 19:52:40',	'2014-10-02 19:52:40'),
(49,	'4.16',	'D',	'N',	'Negosiasi ',	'2014-10-02 19:54:43',	'2014-10-02 19:54:43'),
(50,	'4.17',	'D',	'N',	'Kemampuan analisis ',	'2014-10-02 19:55:32',	'2014-10-02 19:55:32'),
(51,	'4.18',	'D',	'N',	'Toleransi ',	'2014-10-02 19:59:57',	'2014-10-02 19:59:57'),
(52,	'4.19',	'D',	'N',	'Kemampuan adaptasi ',	'2014-10-02 20:00:40',	'2014-10-02 20:00:40'),
(53,	'4.20',	'D',	'N',	'Loyalitas dan integritas ',	'2014-10-02 20:01:42',	'2014-10-02 20:01:42'),
(54,	'4.21',	'D',	'N',	'Bekerja dengan orang yang berbeda budaya maupun latar belakang ',	'2014-10-02 20:02:12',	'2014-10-02 20:02:12'),
(55,	'4.22',	'D',	'N',	'Kepemimpinan',	'2014-10-02 20:02:40',	'2014-10-02 20:02:40'),
(56,	'4.23',	'D',	'N',	'Kemampuan dalam memegang tanggungjawab ',	'2014-10-02 20:02:54',	'2014-10-02 20:02:54'),
(57,	'4.24',	'D',	'N',	'Inisiatif ',	'2014-10-02 20:03:17',	'2014-10-02 20:03:17'),
(58,	'4.25',	'D',	'N',	'Manajemen proyek/program ',	'2014-10-02 20:03:34',	'2014-10-02 20:03:34'),
(59,	'4.26',	'D',	'N',	'Kemampuan untuk mempresentasikan ide/produk/laporan ',	'2014-10-02 20:04:31',	'2014-10-02 20:04:31'),
(60,	'4.27',	'D',	'N',	'Kemampuan dalam menulis laporan, memo dan dokumen ',	'2014-10-02 20:04:54',	'2014-10-02 20:04:54'),
(61,	'4.28',	'D',	'N',	'Kemampuan untuk terus belajar sepanjang hayat',	'2014-10-02 20:05:52',	'2014-10-02 20:05:52');

-- 2014-10-04 06:13:58
